{
	"configurations": [
		{
			"name": "executable",
			"targetType": "executable"
		},
		{
			"dependencies": {
				"unit-threaded": ">=0.0.0"
			},
			"excludedSourceFiles": [
				"src/main.d"
			],
			"mainSourceFile": "bin/ut.d",
			"name": "unittest",
			"preBuildCommands": [
				"$DUB run --compiler=$$DC unit-threaded -c gen_ut_main -- -f bin/ut.d"
			],
			"targetType": "executable"
		}
	],
	"dependencies": {
		"foxid": "~master",
		"unit-threaded": "~>1.0.2"
	},
	"description": "Testing",
	"importPaths": [
		"../JMiscLib/source",
		"../IniLib/source"
	],
	"license": "proprietary",
	"name": "rockdash",
	"sourcePaths": [
		"source",
		"../JMiscLib/source",
		"../IniLib/source"
	],
	"targetPath": "bin",
	"targetType": "executable"
}